{"cameraMode":{"drawMode":0,"name":"Shaded","section":"Shading Mode"},"sceneLighting":true,"audioPlay":false,"sceneViewState":{"showFog":false,"showMaterialUpdate":false,"showSkybox":false,"showFlares":false,"showImageEffects":false,"showParticleSystems":false},"in2DMode":false,"pivot":{"x":0.5255399942398071,"y":1.1415938138961793,"z":0.4330286979675293},"rotation":{"x":0.009877297095954419,"y":-0.3376118540763855,"z":0.0035602841526269914,"w":0.9412806630134583},"size":470.901611328125,"orthographic":true}