{
    "name": "root",
    "metadata": {
        "timer_format_version": "0.1.0",
        "start_time_seconds": "1618522260",
        "python_version": "3.7.9 (tags/v3.7.9:13c94747c7, Aug 17 2020, 18:58:18) [MSC v.1900 64 bit (AMD64)]",
        "command_line_arguments": "E:\\Final year Project\\Mechanical Evolution\\venv\\Scripts\\mlagents-learn --run-id=fight12",
        "mlagents_version": "0.25.1",
        "mlagents_envs_version": "0.25.1",
        "communication_protocol_version": "1.5.0",
        "pytorch_version": "1.7.1+cu110",
        "numpy_version": "1.20.2",
        "end_time_seconds": "1618522313"
    },
    "total": 52.7960893,
    "count": 1,
    "self": 0.003075299999999004,
    "children": {
        "run_training.setup": {
            "total": 0.04294050000000005,
            "count": 1,
            "self": 0.04294050000000005
        },
        "TrainerController.start_learning": {
            "total": 52.7500735,
            "count": 1,
            "self": 0.07753399999995736,
            "children": {
                "TrainerController._reset_env": {
                    "total": 8.6275934,
                    "count": 1,
                    "self": 8.6275934
                },
                "TrainerController.advance": {
                    "total": 43.98285000000004,
                    "count": 4362,
                    "self": 0.03759659999992948,
                    "children": {
                        "env_step": {
                            "total": 43.94525340000011,
                            "count": 4362,
                            "self": 37.55294929999994,
                            "children": {
                                "SubprocessEnvManager._take_step": {
                                    "total": 6.351041100000046,
                                    "count": 4362,
                                    "self": 0.1895335000000582,
                                    "children": {
                                        "TorchPolicy.evaluate": {
                                            "total": 6.161507599999988,
                                            "count": 4351,
                                            "self": 2.4920478999998235,
                                            "children": {
                                                "TorchPolicy.sample_actions": {
                                                    "total": 3.6694597000001643,
                                                    "count": 4351,
                                                    "self": 3.6694597000001643
                                                }
                                            }
                                        }
                                    }
                                },
                                "workers": {
                                    "total": 0.041263000000132166,
                                    "count": 4361,
                                    "self": 0.0,
                                    "children": {
                                        "worker_root": {
                                            "total": 45.28755070000017,
                                            "count": 4361,
                                            "is_parallel": true,
                                            "self": 10.784876300000185,
                                            "children": {
                                                "steps_from_proto": {
                                                    "total": 0.0002330999999999861,
                                                    "count": 1,
                                                    "is_parallel": true,
                                                    "self": 0.00010399999999943788,
                                                    "children": {
                                                        "_process_rank_one_or_two_observation": {
                                                            "total": 0.00012910000000054822,
                                                            "count": 2,
                                                            "is_parallel": true,
                                                            "self": 0.00012910000000054822
                                                        }
                                                    }
                                                },
                                                "UnityEnvironment.step": {
                                                    "total": 34.50244129999998,
                                                    "count": 4361,
                                                    "is_parallel": true,
                                                    "self": 0.2630362000000446,
                                                    "children": {
                                                        "UnityEnvironment._generate_step_input": {
                                                            "total": 0.22716439999989113,
                                                            "count": 4361,
                                                            "is_parallel": true,
                                                            "self": 0.22716439999989113
                                                        },
                                                        "communicator.exchange": {
                                                            "total": 33.32830820000018,
                                                            "count": 4361,
                                                            "is_parallel": true,
                                                            "self": 33.32830820000018
                                                        },
                                                        "steps_from_proto": {
                                                            "total": 0.6839324999998642,
                                                            "count": 4361,
                                                            "is_parallel": true,
                                                            "self": 0.355332600000013,
                                                            "children": {
                                                                "_process_rank_one_or_two_observation": {
                                                                    "total": 0.3285998999998512,
                                                                    "count": 8722,
                                                                    "is_parallel": true,
                                                                    "self": 0.3285998999998512
                                                                }
                                                            }
                                                        }
                                                    }
                                                }
                                            }
                                        }
                                    }
                                }
                            }
                        }
                    }
                },
                "trainer_threads": {
                    "total": 1.2499999996862243e-05,
                    "count": 1,
                    "self": 1.2499999996862243e-05,
                    "children": {
                        "thread_root": {
                            "total": 0.0,
                            "count": 0,
                            "is_parallel": true,
                            "self": 0.0,
                            "children": {
                                "trainer_advance": {
                                    "total": 43.82167559999974,