{
    "name": "root",
    "metadata": {
        "timer_format_version": "0.1.0",
        "start_time_seconds": "1618511417",
        "python_version": "3.7.9 (tags/v3.7.9:13c94747c7, Aug 17 2020, 18:58:18) [MSC v.1900 64 bit (AMD64)]",
        "command_line_arguments": "E:\\Final year Project\\Mechanical Evolution\\venv\\Scripts\\mlagents-learn --run-id=fight11",
        "mlagents_version": "0.25.1",
        "mlagents_envs_version": "0.25.1",
        "communication_protocol_version": "1.5.0",
        "pytorch_version": "1.7.1+cu110",
        "numpy_version": "1.20.2",
        "end_time_seconds": "1618511481"
    },
    "total": 63.3203026,
    "count": 1,
    "self": 0.003169100000000924,
    "children": {
        "run_training.setup": {
            "total": 0.04294889999999996,
            "count": 1,
            "self": 0.04294889999999996
        },
        "TrainerController.start_learning": {
            "total": 63.2741846,
            "count": 1,
            "self": 0.04186569999996692,
            "children": {
                "TrainerController._reset_env": {
                    "total": 9.164757300000002,
                    "count": 1,
                    "self": 9.164757300000002
                },
                "TrainerController.advance": {
                    "total": 53.97314950000002,
                    "count": 2077,
                    "self": 0.020741499999928692,
                    "children": {
                        "env_step": {
                            "total": 53.95240800000009,
                            "count": 2077,
                            "self": 50.45860710000009,
                            "children": {
                                "SubprocessEnvManager._take_step": {
                                    "total": 3.47192569999992,
                                    "count": 2077,
                                    "self": 0.10214259999995967,
                                    "children": {
                                        "TorchPolicy.evaluate": {
                                            "total": 3.3697830999999603,
                                            "count": 2077,
                                            "self": 1.290569800000025,
                                            "children": {
                                                "TorchPolicy.sample_actions": {
                                                    "total": 2.0792132999999353,
                                                    "count": 2077,
                                                    "self": 2.0792132999999353
                                                }
                                            }
                                        }
                                    }
                                },
                                "workers": {
                                    "total": 0.021875200000081918,
                                    "count": 2076,
                                    "self": 0.0,
                                    "children": {
                                        "worker_root": {
                                            "total": 27.125389799999976,
                                            "count": 2076,
                                            "is_parallel": true,
                                            "self": 6.293980999999906,
                                            "children": {
                                                "steps_from_proto": {
                                                    "total": 0.0003475000000001671,
                                                    "count": 1,
                                                    "is_parallel": true,
                                                    "self": 0.00019710000000028316,
                                                    "children": {
                                                        "_process_rank_one_or_two_observation": {
                                                            "total": 0.00015039999999988396,
                                                            "count": 2,
                                                            "is_parallel": true,
                                                            "self": 0.00015039999999988396
                                                        }
                                                    }
                                                },
                                                "UnityEnvironment.step": {
                                                    "total": 20.83106130000007,
                                                    "count": 2076,
                                                    "is_parallel": true,
                                                    "self": 0.12836250000016136,
                                                    "children": {
                                                        "UnityEnvironment._generate_step_input": {
                                                            "total": 0.11478660000000929,
                                                            "count": 2076,
                                                            "is_parallel": true,
                                                            "self": 0.11478660000000929
                                                        },
                                                        "communicator.exchange": {
                                                            "total": 20.235978699999915,
                                                            "count": 2076,
                                                            "is_parallel": true,
                                                            "self": 20.235978699999915
                                                        },
                                                        "steps_from_proto": {
                                                            "total": 0.35193349999998347,
                                                            "count": 2076,
                                                            "is_parallel": true,
                                                            "self": 0.1764386999998493,
                                                            "children": {
                                                                "_process_rank_one_or_two_observation": {
                                                                    "total": 0.17549480000013418,
                                                                    "count": 4152,
                                                                    "is_parallel": true,
                                                                    "self": 0.17549480000013418
                                                                }
                                                            }
                                                        }
                                                    }
                                                }
                                            }
                                        }
                                    }
                                }
                            }
                        }
                    }
                },
                "trainer_threads": {
                    "total": 1.2699999999199463e-05,
                    "count": 1,
                    "self": 1.2699999999199463e-05,
                    "children": {
                        "thread_root": {
                            "total": 0.0,
                            "count": 0,
                            "is_parallel": true,
                            "self": 0.0,
                            "children": {
                                "trainer_advance": {
                                    "total": 53.69741429999948,