{
    "name": "root",
    "metadata": {
        "timer_format_version": "0.1.0",
        "start_time_seconds": "1618527051",
        "python_version": "3.7.9 (tags/v3.7.9:13c94747c7, Aug 17 2020, 18:58:18) [MSC v.1900 64 bit (AMD64)]",
        "command_line_arguments": "E:\\Final year Project\\Mechanical Evolution\\venv\\Scripts\\mlagents-learn --run-id=fight15",
        "mlagents_version": "0.25.1",
        "mlagents_envs_version": "0.25.1",
        "communication_protocol_version": "1.5.0",
        "pytorch_version": "1.7.1+cu110",
        "numpy_version": "1.20.2",
        "end_time_seconds": "1618527202"
    },
    "total": 150.9869097,
    "count": 1,
    "self": 0.002680900000029851,
    "children": {
        "run_training.setup": {
            "total": 0.04398079999999993,
            "count": 1,
            "self": 0.04398079999999993
        },
        "TrainerController.start_learning": {
            "total": 150.940248,
            "count": 1,
            "self": 0.2727389999997456,
            "children": {
                "TrainerController._reset_env": {
                    "total": 10.5183121,
                    "count": 1,
                    "self": 10.5183121
                },
                "TrainerController.advance": {
                    "total": 140.08477970000024,
                    "count": 15668,
                    "self": 0.13704609999982154,
                    "children": {
                        "env_step": {
                            "total": 139.94773360000042,
                            "count": 15668,
                            "self": 116.74828300000078,
                            "children": {
                                "SubprocessEnvManager._take_step": {
                                    "total": 23.047743100000073,
                                    "count": 15668,
                                    "self": 0.6892540000005418,
                                    "children": {
                                        "TorchPolicy.evaluate": {
                                            "total": 22.35848909999953,
                                            "count": 15627,
                                            "self": 9.233498699999034,
                                            "children": {
                                                "TorchPolicy.sample_actions": {
                                                    "total": 13.124990400000497,
                                                    "count": 15627,
                                                    "self": 13.124990400000497
                                                }
                                            }
                                        }
                                    }
                                },
                                "workers": {
                                    "total": 0.15170749999955646,
                                    "count": 15667,
                                    "self": 0.0,
                                    "children": {
                                        "worker_root": {
                                            "total": 141.32391710000064,
                                            "count": 15667,
                                            "is_parallel": true,
                                            "self": 35.77277560000094,
                                            "children": {
                                                "steps_from_proto": {
                                                    "total": 0.0002420000000000755,
                                                    "count": 1,
                                                    "is_parallel": true,
                                                    "self": 0.00011850000000102057,
                                                    "children": {
                                                        "_process_rank_one_or_two_observation": {
                                                            "total": 0.00012349999999905492,
                                                            "count": 2,
                                                            "is_parallel": true,
                                                            "self": 0.00012349999999905492
                                                        }
                                                    }
                                                },
                                                "UnityEnvironment.step": {
                                                    "total": 105.5508994999997,
                                                    "count": 15667,
                                                    "is_parallel": true,
                                                    "self": 0.9544454000000115,
                                                    "children": {
                                                        "UnityEnvironment._generate_step_input": {
                                                            "total": 0.8218407999990323,
                                                            "count": 15667,
                                                            "is_parallel": true,
                                                            "self": 0.8218407999990323
                                                        },
                                                        "communicator.exchange": {
                                                            "total": 101.27811610000123,
                                                            "count": 15667,
                                                            "is_parallel": true,
                                                            "self": 101.27811610000123
                                                        },
                                                        "steps_from_proto": {
                                                            "total": 2.496497199999421,
                                                            "count": 15667,
                                                            "is_parallel": true,
                                                            "self": 1.295412199997628,
                                                            "children": {
                                                                "_process_rank_one_or_two_observation": {
                                                                    "total": 1.2010850000017932,
                                                                    "count": 31334,
                                                                    "is_parallel": true,
                                                                    "self": 1.2010850000017932
                                                                }
                                                            }
                                                        }
                                                    }
                                                }
                                            }
                                        }
                                    }
                                }
                            }
                        }
                    }
                },
                "trainer_threads": {
                    "total": 1.4000000021496817e-05,
                    "count": 1,
                    "self": 1.4000000021496817e-05,
                    "children": {
                        "thread_root": {
                            "total": 0.0,
                            "count": 0,
                            "is_parallel": true,
                            "self": 0.0,
                            "children": {
                                "trainer_advance": {
                                    "total": 139.62370560000144,