{
    "name": "root",
    "metadata": {
        "timer_format_version": "0.1.0",
        "start_time_seconds": "1618528172",
        "python_version": "3.7.9 (tags/v3.7.9:13c94747c7, Aug 17 2020, 18:58:18) [MSC v.1900 64 bit (AMD64)]",
        "command_line_arguments": "E:\\Final year Project\\Mechanical Evolution\\venv\\Scripts\\mlagents-learn Assets/config/trainer_config.yaml --run-id=fight19",
        "mlagents_version": "0.25.1",
        "mlagents_envs_version": "0.25.1",
        "communication_protocol_version": "1.5.0",
        "pytorch_version": "1.7.1+cu110",
        "numpy_version": "1.20.2",
        "end_time_seconds": "1618528184"
    },
    "total": 11.8023721,
    "count": 1,
    "self": 0.006017599999999845,
    "children": {
        "run_training.setup": {
            "total": 0.09359250000000008,
            "count": 1,
            "self": 0.09359250000000008
        },
        "TrainerController.start_learning": {
            "total": 11.702762,
            "count": 1,
            "self": 0.0001404999999987666,
            "children": {
                "TrainerController._reset_env": {
                    "total": 10.921042,
                    "count": 1,
                    "self": 10.921042
                },
                "TrainerController.advance": {
                    "total": 0.6326423000000005,
                    "count": 1,
                    "self": 7.399999999435636e-06,
                    "children": {
                        "env_step": {
                            "total": 0.6326349000000011,
                            "count": 1,
                            "self": 0.00011650000000074101,
                            "children": {
                                "SubprocessEnvManager._take_step": {
                                    "total": 0.6325184000000004,
                                    "count": 1,
                                    "self": 1.7400000000833415e-05,
                                    "children": {
                                        "TorchPolicy.evaluate": {
                                            "total": 0.6325009999999995,
                                            "count": 1,
                                            "self": 0.00039179999999916504,
                                            "children": {
                                                "TorchPolicy.sample_actions": {
                                                    "total": 0.6321092000000004,
                                                    "count": 1,
                                                    "self": 0.6321092000000004
                                                }
                                            }
                                        }
                                    }
                                }
                            }
                        }
                    }
                },
                "TrainerController._save_models": {
                    "total": 0.14893720000000066,
                    "count": 1,
                    "self": 0.0014216999999998592,
                    "children": {
                        "RLTrainer._checkpoint": {
                            "total": 0.1475155000000008,
                            "count": 1,
                            "self": 0.1475155000000008
                        }
                    }
                }
            }
        }
    }
}