{
    "name": "root",
    "metadata": {
        "timer_format_version": "0.1.0",
        "start_time_seconds": "1618396327",
        "python_version": "3.7.9 (tags/v3.7.9:13c94747c7, Aug 17 2020, 18:58:18) [MSC v.1900 64 bit (AMD64)]",
        "command_line_arguments": "E:\\Final year Project\\Mechanical Evolution\\venv\\Scripts\\mlagents-learn --run-id=fight8",
        "mlagents_version": "0.25.1",
        "mlagents_envs_version": "0.25.1",
        "communication_protocol_version": "1.5.0",
        "pytorch_version": "1.7.1+cu110",
        "numpy_version": "1.20.2",
        "end_time_seconds": "1618396371"
    },
    "total": 44.0202959,
    "count": 1,
    "self": 0.002606700000001183,
    "children": {
        "run_training.setup": {
            "total": 0.04250670000000001,
            "count": 1,
            "self": 0.04250670000000001
        },
        "TrainerController.start_learning": {
            "total": 43.9751825,
            "count": 1,
            "self": 0.052663399999957505,
            "children": {
                "TrainerController._reset_env": {
                    "total": 8.599294500000001,
                    "count": 1,
                    "self": 8.599294500000001
                },
                "TrainerController.advance": {
                    "total": 35.264839100000046,
                    "count": 3078,
                    "self": 0.02530690000003233,
                    "children": {
                        "env_step": {
                            "total": 35.23953220000001,
                            "count": 3078,
                            "self": 30.935584499999955,
                            "children": {
                                "SubprocessEnvManager._take_step": {
                                    "total": 4.276119800000062,
                                    "count": 3078,
                                    "self": 0.12725400000000775,
                                    "children": {
                                        "TorchPolicy.evaluate": {
                                            "total": 4.1488658000000544,
                                            "count": 3071,
                                            "self": 1.5189866000000194,
                                            "children": {
                                                "TorchPolicy.sample_actions": {
                                                    "total": 2.629879200000035,
                                                    "count": 3071,
                                                    "self": 2.629879200000035
                                                }
                                            }
                                        }
                                    }
                                },
                                "workers": {
                                    "total": 0.02782789999999835,
                                    "count": 3077,
                                    "self": 0.0,
                                    "children": {
                                        "worker_root": {
                                            "total": 36.531797300000214,
                                            "count": 3077,
                                            "is_parallel": true,
                                            "self": 7.673753400000006,
                                            "children": {
                                                "steps_from_proto": {
                                                    "total": 0.0002284000000001285,
                                                    "count": 1,
                                                    "is_parallel": true,
                                                    "self": 9.460000000061086e-05,
                                                    "children": {
                                                        "_process_rank_one_or_two_observation": {
                                                            "total": 0.00013379999999951764,
                                                            "count": 2,
                                                            "is_parallel": true,
                                                            "self": 0.00013379999999951764
                                                        }
                                                    }
                                                },
                                                "UnityEnvironment.step": {
                                                    "total": 28.857815500000207,
                                                    "count": 3077,
                                                    "is_parallel": true,
                                                    "self": 0.17599320000040208,
                                                    "children": {
                                                        "UnityEnvironment._generate_step_input": {
                                                            "total": 0.15148249999990782,
                                                            "count": 3077,
                                                            "is_parallel": true,
                                                            "self": 0.15148249999990782
                                                        },
                                                        "communicator.exchange": {
                                                            "total": 28.066642299999945,
                                                            "count": 3077,
                                                            "is_parallel": true,
                                                            "self": 28.066642299999945
                                                        },
                                                        "steps_from_proto": {
                                                            "total": 0.46369749999995236,
                                                            "count": 3077,
                                                            "is_parallel": true,
                                                            "self": 0.24667620000015944,
                                                            "children": {
                                                                "_process_rank_one_or_two_observation": {
                                                                    "total": 0.21702129999979292,
                                                                    "count": 6154,
                                                                    "is_parallel": true,
                                                                    "self": 0.21702129999979292
                                                                }
                                                            }
                                                        }
                                                    }
                                                }
                                            }
                                        }
                                    }
                                }
                            }
                        }
                    }
                },
                "trainer_threads": {
                    "total": 1.1199999995881171e-05,
                    "count": 1,
                    "self": 1.1199999995881171e-05,
                    "children": {
                        "thread_root": {
                            "total": 0.0,
                            "count": 0,
                            "is_parallel": true,
                            "self": 0.0,
                            "children": {
                                "trainer_advance": {
                                    "total": 35.14328020000054,