{
    "name": "root",
    "metadata": {
        "timer_format_version": "0.1.0",
        "start_time_seconds": "1618527899",
        "python_version": "3.7.9 (tags/v3.7.9:13c94747c7, Aug 17 2020, 18:58:18) [MSC v.1900 64 bit (AMD64)]",
        "command_line_arguments": "E:\\Final year Project\\Mechanical Evolution\\venv\\Scripts\\mlagents-learn Assets/config/trainer_config.yaml --run-id=fight17",
        "mlagents_version": "0.25.1",
        "mlagents_envs_version": "0.25.1",
        "communication_protocol_version": "1.5.0",
        "pytorch_version": "1.7.1+cu110",
        "numpy_version": "1.20.2",
        "end_time_seconds": "1618527934"
    },
    "total": 34.8665373,
    "count": 1,
    "self": 0.004804699999994,
    "children": {
        "run_training.setup": {
            "total": 0.09195690000000001,
            "count": 1,
            "self": 0.09195690000000001
        },
        "TrainerController.start_learning": {
            "total": 34.769775700000004,
            "count": 1,
            "self": 0.04425569999997947,
            "children": {
                "TrainerController._reset_env": {
                    "total": 8.1495054,
                    "count": 1,
                    "self": 8.1495054
                },
                "TrainerController.advance": {
                    "total": 26.480284800000028,
                    "count": 2217,
                    "self": 0.020690899999877388,
                    "children": {
                        "env_step": {
                            "total": 26.45959390000015,
                            "count": 2217,
                            "self": 22.934471300000087,
                            "children": {
                                "SubprocessEnvManager._take_step": {
                                    "total": 3.503049900000022,
                                    "count": 2217,
                                    "self": 0.10116440000005511,
                                    "children": {
                                        "TorchPolicy.evaluate": {
                                            "total": 3.401885499999967,
                                            "count": 2214,
                                            "self": 1.274075199999956,
                                            "children": {
                                                "TorchPolicy.sample_actions": {
                                                    "total": 2.127810300000011,
                                                    "count": 2214,
                                                    "self": 2.127810300000011
                                                }
                                            }
                                        }
                                    }
                                },
                                "workers": {
                                    "total": 0.02207270000004158,
                                    "count": 2216,
                                    "self": 0.0,
                                    "children": {
                                        "worker_root": {
                                            "total": 27.63047299999993,
                                            "count": 2216,
                                            "is_parallel": true,
                                            "self": 6.312161700000075,
                                            "children": {
                                                "steps_from_proto": {
                                                    "total": 0.00024449999999998084,
                                                    "count": 1,
                                                    "is_parallel": true,
                                                    "self": 0.00011280000000102319,
                                                    "children": {
                                                        "_process_rank_one_or_two_observation": {
                                                            "total": 0.00013169999999895765,
                                                            "count": 2,
                                                            "is_parallel": true,
                                                            "self": 0.00013169999999895765
                                                        }
                                                    }
                                                },
                                                "UnityEnvironment.step": {
                                                    "total": 21.318066799999855,
                                                    "count": 2216,
                                                    "is_parallel": true,
                                                    "self": 0.1310369999996439,
                                                    "children": {
                                                        "UnityEnvironment._generate_step_input": {
                                                            "total": 0.11623709999999221,
                                                            "count": 2216,
                                                            "is_parallel": true,
                                                            "self": 0.11623709999999221
                                                        },
                                                        "communicator.exchange": {
                                                            "total": 20.71680410000012,
                                                            "count": 2216,
                                                            "is_parallel": true,
                                                            "self": 20.71680410000012
                                                        },
                                                        "steps_from_proto": {
                                                            "total": 0.35398860000009513,
                                                            "count": 2216,
                                                            "is_parallel": true,
                                                            "self": 0.1839557000001868,
                                                            "children": {
                                                                "_process_rank_one_or_two_observation": {
                                                                    "total": 0.17003289999990834,
                                                                    "count": 4432,
                                                                    "is_parallel": true,
                                                                    "self": 0.17003289999990834
                                                                }
                                                            }
                                                        }
                                                    }
                                                }
                                            }
                                        }
                                    }
                                }
                            }
                        }
                    }
                },
                "trainer_threads": {
                    "total": 1.3799999997843315e-05,
                    "count": 1,
                    "self": 1.3799999997843315e-05,
                    "children": {
                        "thread_root": {
                            "total": 0.0,
                            "count": 0,
                            "is_parallel": true,
                            "self": 0.0,