{
    "name": "root",
    "gauges": {
        "DefeatEnemyAgent.Policy.Entropy.mean": {
            "value": 1.1304703950881958,
            "min": 1.0651413202285767,
            "max": 1.772609829902649,
            "count": 41
        },
        "DefeatEnemyAgent.Policy.Entropy.sum": {
            "value": 13757.82421875,
            "min": 12568.66796875,
            "max": 21379.447265625,
            "count": 41
        },
        "DefeatEnemyAgent.Environment.EpisodeLength.mean": {
            "value": 319.2631578947368,
            "min": 226.56603773584905,
            "max": 322.43243243243245,
            "count": 41
        },
        "DefeatEnemyAgent.Environment.EpisodeLength.sum": {
            "value": 12132.0,
            "min": 11713.0,
            "max": 12168.0,
            "count": 41
        },
        "DefeatEnemyAgent.Policy.ExtrinsicValueEstimate.mean": {
            "value": 38.4730339050293,
            "min": 35.0384635925293,
            "max": 70.22698974609375,
            "count": 41
        },
        "DefeatEnemyAgent.Policy.ExtrinsicValueEstimate.sum": {
            "value": 1461.975341796875,
            "min": 1366.5001220703125,
            "max": 2809.07958984375,
            "count": 41
        },
        "DefeatEnemyAgent.Environment.CumulativeReward.mean": {
            "value": 167.73659846657202,
            "min": 159.70348911285402,
            "max": 320.3846579331618,
            "count": 41
        },
        "DefeatEnemyAgent.Environment.CumulativeReward.sum": {
            "value": 6373.990741729736,
            "min": 6277.315341949463,
            "max": 16660.002212524414,
            "count": 41
        },
        "DefeatEnemyAgent.Policy.ExtrinsicReward.mean": {
            "value": 167.73659846657202,
            "min": 159.70348911285402,
            "max": 320.3846579331618,
            "count": 41
        },
        "DefeatEnemyAgent.Policy.ExtrinsicReward.sum": {
            "value": 6373.990741729736,
            "min": 6277.315341949463,
            "max": 16660.002212524414,
            "count": 41
        },
        "DefeatEnemyAgent.Losses.PolicyLoss.mean": {
            "value": 0.14042889859890592,
            "min": 0.1331150384109437,
            "max": 0.14567386914262392,
            "count": 41
        },
        "DefeatEnemyAgent.Losses.PolicyLoss.sum": {
            "value": 0.8425733915934355,
            "min": 0.6655751920547184,
            "max": 0.8547066319518027,
            "count": 41
        },
        "DefeatEnemyAgent.Losses.ValueLoss.mean": {
            "value": 36.68669212106089,
            "min": 25.48038734122925,
            "max": 160.61632049026412,
            "count": 41
        },
        "DefeatEnemyAgent.Losses.ValueLoss.sum": {
            "value": 220.12015272636532,
            "min": 127.40193670614624,
            "max": 803.0816024513206,
            "count": 41
        },
        "DefeatEnemyAgent.Policy.LearningRate.mean": {
            "value": 8.701797099433329e-06,
            "min": 8.701797099433329e-06,
            "max": 0.00029617284127572,
            "count": 41
        },
        "DefeatEnemyAgent.Policy.LearningRate.sum": {
            "value": 5.2210782596599975e-05,
            "min": 5.2210782596599975e-05,
            "max": 0.0017350398216534,
            "count": 41
        },
        "DefeatEnemyAgent.Policy.Epsilon.mean": {
            "value": 0.10290056666666665,
            "min": 0.10290056666666665,
            "max": 0.19872428,
            "count": 41
        },
        "DefeatEnemyAgent.Policy.Epsilon.sum": {
            "value": 0.6174033999999999,
            "min": 0.5266948000000001,
            "max": 1.1783465999999998,
            "count": 41
        },
        "DefeatEnemyAgent.Policy.Beta.mean": {
            "value": 3.8715609999999986e-05,
            "min": 3.8715609999999986e-05,
            "max": 0.0009873703719999998,
            "count": 41
        },
        "DefeatEnemyAgent.Policy.Beta.sum": {
            "value": 0.00023229365999999992,
            "min": 0.00023229365999999992,
            "max": 0.005785631340000001,
            "count": 41
        },
        "DefeatEnemyAgent.IsTraining.mean": {
            "value": 1.0,
            "min": 1.0,
            "max": 1.0,
            "count": 41
        },
        "DefeatEnemyAgent.IsTraining.sum": {
            "value": 1.0,
            "min": 1.0,
            "max": 1.0,
            "count": 41
        }
    },
    "metadata": {
        "timer_format_version": "0.1.0",
        "start_time_seconds": "1618553459",
        "python_version": "3.7.9 (tags/v3.7.9:13c94747c7, Aug 17 2020, 18:58:18) [MSC v.1900 64 bit (AMD64)]",
        "command_line_arguments": "E:\\Final year Project\\Mechanical Evolution\\venv\\Scripts\\mlagents-learn Assets/config/trainer_config.yaml --run-id=fightTimed7",
        "mlagents_version": "0.25.1",
        "mlagents_envs_version": "0.25.1",
        "communication_protocol_version": "1.5.0",
        "pytorch_version": "1.7.1+cu110",
        "numpy_version": "1.20.2",
        "end_time_seconds": "1618558341"
    },
    "total": 4882.0339932,
    "count": 1,
    "self": 0.005755999999564665,
    "children": {
        "run_training.setup": {
            "total": 0.09482139999999994,
            "count": 1,
            "self": 0.09482139999999994
        },
        "TrainerController.start_learning": {
            "total": 4881.9334158,
            "count": 1,
            "self": 7.951987199890937,
            "children": {
                "TrainerController._reset_env": {
                    "total": 8.4963578,
                    "count": 1,
                    "self": 8.4963578
                },
                "TrainerController.advance": {
                    "total": 4865.433146800109,
                    "count": 501193,
                    "self": 4.243154500151832,
                    "children": {
                        "env_step": {
                            "total": 4861.189992299957,
                            "count": 501193,
                            "self": 3934.106889099954,
                            "children": {
                                "SubprocessEnvManager._take_step": {
                                    "total": 922.4079163001146,
                                    "count": 501193,
                                    "self": 17.83403920028411,
                                    "children": {
                                        "TorchPolicy.evaluate": {
                                            "total": 904.5738770998305,
                                            "count": 500148,
                                            "self": 338.51622339960886,
                                            "children": {
                                                "TorchPolicy.sample_actions": {
                                                    "total": 566.0576537002216,
                                                    "count": 500148,
                                                    "self": 566.0576537002216
                                                }
                                            }
                                        }
                                    }
                                },
                                "workers": {
                                    "total": 4.675186899888924,
                                    "count": 501193,
                                    "self": 0.0,
                                    "children": {
                                        "worker_root": {
                                            "total": 4864.933587000059,
                                            "count": 501193,
                                            "is_parallel": true,
                                            "self": 1282.9543257999808,