{
    "name": "root",
    "metadata": {
        "timer_format_version": "0.1.0",
        "start_time_seconds": "1618386004",
        "python_version": "3.7.9 (tags/v3.7.9:13c94747c7, Aug 17 2020, 18:58:18) [MSC v.1900 64 bit (AMD64)]",
        "command_line_arguments": "E:\\Final year Project\\Mechanical Evolution\\venv\\Scripts\\mlagents-learn --run-id=fight5",
        "mlagents_version": "0.25.0",
        "mlagents_envs_version": "0.25.0",
        "communication_protocol_version": "1.5.0",
        "pytorch_version": "1.7.1+cu110",
        "numpy_version": "1.20.2",
        "end_time_seconds": "1618386264"
    },
    "total": 259.27705690000005,
    "count": 1,
    "self": 0.002492500000016662,
    "children": {
        "run_training.setup": {
            "total": 0.04241189999999995,
            "count": 1,
            "self": 0.04241189999999995
        },
        "TrainerController.start_learning": {
            "total": 259.23215250000004,
            "count": 1,
            "self": 0.42743439999918564,
            "children": {
                "TrainerController._reset_env": {
                    "total": 11.272916200000001,
                    "count": 1,
                    "self": 11.272916200000001
                },
                "TrainerController.advance": {
                    "total": 247.4683877000009,
                    "count": 24147,
                    "self": 0.2169240000013417,
                    "children": {
                        "env_step": {
                            "total": 247.25146369999956,
                            "count": 24147,
                            "self": 199.76252450000018,
                            "children": {
                                "SubprocessEnvManager._take_step": {
                                    "total": 47.24776559999816,
                                    "count": 24147,
                                    "self": 0.927284499995082,
                                    "children": {
                                        "TorchPolicy.evaluate": {
                                            "total": 46.32048110000308,
                                            "count": 24147,
                                            "self": 17.96013040000203,
                                            "children": {
                                                "TorchPolicy.sample_actions": {
                                                    "total": 28.36035070000105,
                                                    "count": 24147,
                                                    "self": 28.36035070000105
                                                }
                                            }
                                        }
                                    }
                                },
                                "workers": {
                                    "total": 0.2411736000012148,
                                    "count": 24146,
                                    "self": 0.0,
                                    "children": {
                                        "worker_root": {
                                            "total": 248.9923325999982,
                                            "count": 24146,
                                            "is_parallel": true,
                                            "self": 66.05919509999691,
                                            "children": {
                                                "steps_from_proto": {
                                                    "total": 0.0003215000000000856,
                                                    "count": 1,
                                                    "is_parallel": true,
                                                    "self": 0.00018930000000061398,
                                                    "children": {
                                                        "_process_rank_one_or_two_observation": {
                                                            "total": 0.00013219999999947163,
                                                            "count": 2,
                                                            "is_parallel": true,
                                                            "self": 0.00013219999999947163
                                                        }
                                                    }
                                                },
                                                "UnityEnvironment.step": {
                                                    "total": 182.93281600000128,
                                                    "count": 24146,
                                                    "is_parallel": true,
                                                    "self": 1.3828137000002414,
                                                    "children": {
                                                        "UnityEnvironment._generate_step_input": {
                                                            "total": 1.1947285999994843,
                                                            "count": 24146,
                                                            "is_parallel": true,
                                                            "self": 1.1947285999994843
                                                        },
                                                        "communicator.exchange": {
                                                            "total": 175.39295430000186,
                                                            "count": 24146,
                                                            "is_parallel": true,
                                                            "self": 175.39295430000186
                                                        },
                                                        "steps_from_proto": {
                                                            "total": 4.962319399999686,
                                                            "count": 24146,
                                                            "is_parallel": true,
                                                            "self": 3.1713875000000584,
                                                            "children": {
                                                                "_process_rank_one_or_two_observation": {
                                                                    "total": 1.7909318999996273,
                                                                    "count": 48292,
                                                                    "is_parallel": true,
                                                                    "self": 1.7909318999996273
                                                                }
                                                            }
                                                        }
                                                    }
                                                }
                                            }
                                        }
                                    }
                                }
                            }
                        }
                    }
                },
                "trainer_threads": {
                    "total": 1.6099999982088775e-05,
                    "count": 1,
                    "self": 1.6099999982088775e-05,
                    "children": {
                        "thread_root": {
                            "total": 0.0,
                            "count": 0,
                            "is_parallel": true,
                            "self": 0.0,